https://www.studentcrowd.com/university-l1000000-s1008528-university_of_aberdeen-aberdeen
https://www.studentcrowd.com/university-l1002196-s1008529-university_of_abertay_dundee-dundee
https://www.studentcrowd.com/university-l1001247-s1008530-aberystwyth_university-aberystwyth
https://www.studentcrowd.com/university-l1001035-s1008537-anglia_ruskin_university-cambridge
https://www.studentcrowd.com/university-l1000607-s1008539-arts_university_bournemouth_the-bournemouth
https://www.studentcrowd.com/university-l1005162-s1008383-arts-university-plymouth-plymouth
https://www.studentcrowd.com/university-l1000444-s1008542-aston_university-birmingham
https://www.studentcrowd.com/university-l1003045-s1008545-bangor_university-bangor
https://www.studentcrowd.com/university-l1000368-s1008552-university_of_bath-bath
https://www.studentcrowd.com/university-l1000368-s1008551-bath_spa_university-bath
https://www.studentcrowd.com/university-l1003966-s1008555-university_of_bedfordshire-luton
https://www.studentcrowd.com/university-l1055195-s1008559-birkbeck_university_of_london-central-london
https://www.studentcrowd.com/university-l1000444-s1008562-the_university_of_birmingham-birmingham
https://www.studentcrowd.com/university-l1000444-s1008560-birmingham_city_university-birmingham
https://www.studentcrowd.com/university-l1000444-s1008356-birmingham-newman-university-birmingham
https://www.studentcrowd.com/university-l1003912-s1008565-bishop_grosseteste_university-lincoln
https://www.studentcrowd.com/university-l1000573-s1008570-the_university_of_bolton-bolton
https://www.studentcrowd.com/university-l1000607-s1008573-bournemouth_university-bournemouth
https://www.studentcrowd.com/university-l1055195-s1008575-bpp_university-central-london
https://www.studentcrowd.com/university-l1000641-s1008577-the_university_of_bradford-bradford
https://www.studentcrowd.com/university-l1000641-s1008576-bradford_college-bradford
https://www.studentcrowd.com/university-l1000805-s1008582-university_of_brighton-brighton
https://www.studentcrowd.com/university-l1000825-s1008584-university_of_bristol-bristol
https://www.studentcrowd.com/university-l1055196-s1008589-brunel_university_london-west-london
https://www.studentcrowd.com/university-l1000184-s1008590-the_university_of_buckingham-buckingham
https://www.studentcrowd.com/university-l1008120-s1008591-buckinghamshire_new_university-high_wycombe
https://www.studentcrowd.com/university-l1001077-s1008598-canterbury_christ_church_university-canterbury
https://www.studentcrowd.com/university-l1001035-s1008597-university_of_cambridge-cambridge
https://www.studentcrowd.com/university-l1001099-s1008601-cardiff_metropolitan_university-cardiff
https://www.studentcrowd.com/university-l1001099-s1008602-cardiff_university-cardiff
https://www.studentcrowd.com/university-l1005280-s1008607-university_of_central_lancashire-preston
https://www.studentcrowd.com/university-l1001424-s1008609-university_of_chester-chester
https://www.studentcrowd.com/university-l1001480-s1008612-the_university_of_chichester-chichester
https://www.studentcrowd.com/university-l1055197-s1008617-city_university_london-east-london
https://www.studentcrowd.com/university-l1001565-s1008619-colchester_institute-colchester
https://www.studentcrowd.com/university-l1055195-s1008626-courtauld_institute_of_art-central-london
https://www.studentcrowd.com/university-l1001909-s1008204-coventry_university-coventry
https://www.studentcrowd.com/university-l1001127-s1008208-university_of_cumbria-carlisle
https://www.studentcrowd.com/university-l1003834-s1008211-de_montfort_university-leicester
https://www.studentcrowd.com/university-l1002083-s1008214-university_of_derby-derby
https://www.studentcrowd.com/university-l1054971-s1054981-dublin-city-university-dublin
https://www.studentcrowd.com/university-l1002196-s1008217-university_of_dundee-dundee
https://www.studentcrowd.com/university-l1001811-s1008218-durham_university-durham
https://www.studentcrowd.com/university-l1004959-s1008220-the_university_of_east_anglia-norwich
https://www.studentcrowd.com/university-l1055197-s1008222-university_of_east_london-east-london
https://www.studentcrowd.com/university-l1007664-s1008227-edge_hill_university-ormskirk
https://www.studentcrowd.com/university-l1002555-s1008230-university_of_edinburgh-edinburgh
https://www.studentcrowd.com/university-l1002555-s1008229-edinburgh_napier_university-edinburgh
https://www.studentcrowd.com/university-l1001565-s1008232-the_university_of_essex-colchester
https://www.studentcrowd.com/university-l1002676-s1008235-university_of_exeter-exeter
https://www.studentcrowd.com/university-l1001679-s1008236-falmouth_university-falmouth
https://www.studentcrowd.com/university-l1002914-s1008243-university_of_glasgow-glasgow
https://www.studentcrowd.com/university-l1002914-s1008241-glasgow_caledonian_university-glasgow
https://www.studentcrowd.com/university-l1002914-s1008242-glasgow_school_of_art-glasgow
https://www.studentcrowd.com/university-l1001333-s1008245-university_of_gloucestershire-cheltenham
https://www.studentcrowd.com/university-l1055200-s1008247-goldsmiths_university_of_london-south-east-london
https://www.studentcrowd.com/university-l1055200-s1008250-university_of_greenwich-south-east-london
https://www.studentcrowd.com/university-l1055197-s1008255-guildhall_school_of_music_and_drama-east-london
https://www.studentcrowd.com/university-l1006986-s1008260-harper_adams_university-newport
https://www.studentcrowd.com/university-l1002934-s1008262-hartpury_college-gloucester
https://www.studentcrowd.com/university-l1002555-s1008268-heriot_watt_university-edinburgh
https://www.studentcrowd.com/university-l1007548-s1008270-university_of_hertfordshire-hatfield_hertfordshire
https://www.studentcrowd.com/university-l1001021-s1008276-the_university_of_huddersfield-huddersfield
https://www.studentcrowd.com/university-l1003703-s1008280-the_university_of_hull-hull
https://www.studentcrowd.com/university-l1055199-s1008282-imperial_college_london-south-west-london
https://www.studentcrowd.com/university-l1004515-s1008290-keele_university-keele
https://www.studentcrowd.com/university-l1001077-s1008292-the_university_of_kent-canterbury
https://www.studentcrowd.com/university-l1055195-s1008295-kings_college_london-central-london
https://www.studentcrowd.com/university-l1055199-s1008298-kingston_university-south-west-london
https://www.studentcrowd.com/university-l1003778-s1008303-lancaster_university-lancaster
https://www.studentcrowd.com/university-l1003004-s1008304-the_university_of_law-guildford
https://www.studentcrowd.com/university-l1003801-s1008310-the_university_of_leeds-leeds
https://www.studentcrowd.com/university-l1003801-s1008307-leeds_college_of_art-leeds
https://www.studentcrowd.com/university-l1003801-s1008305-leeds_beckett_university-leeds
https://www.studentcrowd.com/university-l1003801-s1008306-leeds_city_college-leeds
https://www.studentcrowd.com/university-l1003801-s1008309-leeds_trinity_university-leeds
https://www.studentcrowd.com/university-l1003834-s1008312-the_university_of_leicester-leicester
https://www.studentcrowd.com/university-l1003912-s1008315-university_of_lincoln-lincoln
https://www.studentcrowd.com/university-l1003919-s1008319-the_university_of_liverpool-liverpool
https://www.studentcrowd.com/university-l1003919-s1008317-liverpool_hope_university-liverpool
https://www.studentcrowd.com/university-l1003919-s1008316-lipa-liverpool
https://www.studentcrowd.com/university-l1003919-s1008318-liverpool_john_moores_university-liverpool
https://www.studentcrowd.com/university-l1055198-s1008321-london_metropolitan_university-north-london
https://www.studentcrowd.com/university-l1055200-s1008322-london_school_of_commerce-south-east-london
https://www.studentcrowd.com/university-l1055195-s1008323-the_london_school_of_economics_and_political_science-central-london
https://www.studentcrowd.com/university-l1055200-s1008325-london_south_bank_university-south-east-london
https://www.studentcrowd.com/university-l1001282-s1008327-loughborough_university-loughborough
https://www.studentcrowd.com/university-l1004037-s1008332-the_university_of_manchester-manchester
https://www.studentcrowd.com/university-l1004037-s1008331-manchester_metropolitan_university-manchester
https://www.studentcrowd.com/university-l1054980-s1054982-maynooth-university-maynooth
https://www.studentcrowd.com/university-l1055198-s1008339-middlesex_university-north-london
https://www.studentcrowd.com/university-l1004493-s1008353-newcastle_university-newcastle_upon_tyne
https://www.studentcrowd.com/university-l1004868-s1008363-university_of_northampton_the-northampton
https://www.studentcrowd.com/university-l1004493-s1008366-university_of_northumbria_at_newcastle-newcastle_upon_tyne
https://www.studentcrowd.com/university-l1004959-s1008367-norwich_university_of_the_arts-norwich
https://www.studentcrowd.com/university-l1004971-s1008370-university_of_nottingham_the-nottingham
https://www.studentcrowd.com/university-l1004971-s1008369-nottingham_trent_university-nottingham
https://www.studentcrowd.com/university-l1005033-s1008375-oxford_university-oxford
https://www.studentcrowd.com/university-l1005033-s1008374-oxford_brookes_university-oxford
https://www.studentcrowd.com/university-l1005162-s1008385-university_of_plymouth-plymouth
https://www.studentcrowd.com/university-l1005162-s1008449-university_of_st_mark_and_st_john-plymouth
https://www.studentcrowd.com/university-l1005196-s1008386-university_of_portsmouth-portsmouth
https://www.studentcrowd.com/university-l1002555-s1008388-queen_margaret_university_edinburgh-edinburgh
https://www.studentcrowd.com/university-l1055197-s1008389-queen_mary_university_of_london-east-london
https://www.studentcrowd.com/university-l1043204-s1008390-queens_university_of_belfast-belfast
https://www.studentcrowd.com/university-l1055197-s1008391-ravensbourne-east-london
https://www.studentcrowd.com/university-l1005307-s1008392-the_university_of_reading-reading
https://www.studentcrowd.com/university-l1055198-s1008396-regents_university_london-north-london
https://www.studentcrowd.com/university-l1055196-s1008400-richmond_the_american_international_university_in_london-west-london
https://www.studentcrowd.com/university-l1000000-s1008402-the_robert_gordon_university-aberdeen
https://www.studentcrowd.com/university-l1055199-s1008403-roehampton_university-south-west-london
https://www.studentcrowd.com/university-l1001791-s1008407-the_royal_agricultural_university-cirencester
https://www.studentcrowd.com/university-l1055195-s1008409-the_royal_college_of_music-central-london
https://www.studentcrowd.com/university-l1054971-s1054986-royal-college-of-surgeons-in-ireland-dublin
https://www.studentcrowd.com/university-l1002914-s1008410-royal_conservatoire_of_scotland-glasgow
https://www.studentcrowd.com/university-l1055196-s1008411-royal_holloway_university_of_london-west-london
https://www.studentcrowd.com/university-l1055195-s1008413-the_royal_veterinary_college-central-london
https://www.studentcrowd.com/university-l1005687-s1008418-university_of_salford_the-salford
https://www.studentcrowd.com/university-l1055195-s1008420-the_school_of_oriental_and_african_studies-central-london
https://www.studentcrowd.com/university-l1002555-s1008421-scotlands_rural_college-edinburgh
https://www.studentcrowd.com/university-l1005841-s1008426-university_of_sheffield-sheffield
https://www.studentcrowd.com/university-l1005841-s1008425-sheffield_hallam_university-sheffield
https://www.studentcrowd.com/university-l1006420-s1008443-southampton_solent_university-southampton
https://www.studentcrowd.com/university-l1001099-s1008440-university_of_south_wales_prifysgol_de_cymru-cardiff
https://www.studentcrowd.com/university-l1006420-s1008444-the_university_of_southampton-southampton
https://www.studentcrowd.com/university-l1006636-s1008456-staffordshire_university-stoke_on_trent
https://www.studentcrowd.com/university-l1002740-s1008447-university_of_st_andrews-st_andrews
https://www.studentcrowd.com/university-l1055199-s1008454-st_georges_hospital_medical_school-south-west-london
https://www.studentcrowd.com/university-l1006588-s1008458-university_of_stirling-stirling
https://www.studentcrowd.com/university-l1043204-s1008451-st_marys_university_college-belfast
https://www.studentcrowd.com/university-l1055199-s1008452-st_marys_university_twickenham-south-west-london
https://www.studentcrowd.com/university-l1043204-s1008463-stranmillis_university_college-belfast
https://www.studentcrowd.com/university-l1002914-s1008465-university_of_strathclyde-glasgow
https://www.studentcrowd.com/university-l1003516-s1008487-university_campus_suffolk_ltd-ipswich
https://www.studentcrowd.com/university-l1006760-s1008470-university_of_sunderland-sunderland
https://www.studentcrowd.com/university-l1003004-s1008471-the_university_of_surrey-guildford
https://www.studentcrowd.com/university-l1000805-s1008474-university_of_sussex-brighton
https://www.studentcrowd.com/university-l1006827-s1008475-swansea_university-swansea
https://www.studentcrowd.com/university-l1054971-s1054984-technological-university-dublin-dublin
https://www.studentcrowd.com/university-l1043235-s1008478-teesside_university-middlesbrough
https://www.studentcrowd.com/university-l1055198-s1008373-open_university_the_-north-london
https://www.studentcrowd.com/university-l1054971-s1054985-trinity-college-dublin-dublin
https://www.studentcrowd.com/university-l1043204-s1008486-university_of_ulster-belfast
https://www.studentcrowd.com/university-l1000444-s1008488-university_college_birmingham-birmingham
https://www.studentcrowd.com/university-l1054971-s1054983-university-college-dublin-dublin
https://www.studentcrowd.com/university-l1055195-s1008489-university_college_london-central-london
https://www.studentcrowd.com/university-l1001077-s1008206-university_for_the_creative_arts-canterbury
https://www.studentcrowd.com/university-l1055195-s1008538-university_of_the_arts_london-central-london
https://www.studentcrowd.com/university-l1003383-s1008273-university_of_the_highlands_and_islands-inverness
https://www.studentcrowd.com/university-l1001148-s1008493-university_of_wales_trinity_saint_david-carmarthen
https://www.studentcrowd.com/university-l1055196-s1008503-the_university_of_west_london-west-london
https://www.studentcrowd.com/university-l1002914-s1008505-university_of_the_west_of_scotland-glasgow
https://www.studentcrowd.com/university-l1000825-s1008490-uwe_bristol-bristol
https://www.studentcrowd.com/university-l1001909-s1008497-the_university_of_warwick-coventry
https://www.studentcrowd.com/university-l1055195-s1008510-the_university_of_westminster-central-london
https://www.studentcrowd.com/university-l1007894-s1008515-university_of_winchester-winchester
https://www.studentcrowd.com/university-l1008001-s1008518-the_university_of_wolverhampton-wolverhampton
https://www.studentcrowd.com/university-l1008018-s1008520-university_of_worcester-worcester
https://www.studentcrowd.com/university-l1008041-s1008246-wrexham_university-wrexham
https://www.studentcrowd.com/university-l1001332-s1008521-writtle_college-writtle
https://www.studentcrowd.com/university-l1008186-s1008526-the_university_of_york-york
https://www.studentcrowd.com/university-l1008186-s1008525-york_st_john_university-york
